Product Name,Price
Eh I/C Vanilla Tubs 80ml,Rs 80.00
Eh I/C Pani Cadju Tub 80ml,Rs 100.00
Crescent Cheesy Pasta 200g,Rs 552.00 / Unit
Alerics Ice Choc 75ml,Rs 150.00
Magic Caramel Bar 50Ml,Rs 150.00
Eh I/C Faluda Vanilla 2Bar 60ml,Rs 50.00
Krest Chicken Sausages Skinless 250g,Rs 650.00
Magic Ice Cream Choc Vanilla 75ml,Rs 100.00
Eh I/C Chocolate 1L,Rs 600.00
Eh I/C Vanilla 1L,Rs 550.00
Krest Chicken Meatball Kirata Mirisata 200G,Rs 600.00
Keells Green Peas 100g,Rs 161.00
Finagle Garlic Bread 220g,Rs 477.00 / Unit
Elephant House Big Chicken Sausages 300g,Rs 820.00
Crescent Chicken Lasagna 300g,Rs 690.00
Pizza Oven Chocolate Croissants 6S 240g,Rs 750.00
Krest Chunky Chicken Sausages 500g,"Rs 1,120.00 / Unit"
Bairaha Chicken Cheese Nuggets 240g,Rs 480.00 / Unit
Imorich I/C Blubry Cheesecake Cone 120ml,Rs 180.00
Bairaha Marinated Chicken Spicy Thighs 500G,Rs 977.00 / Unit
Crescent Battered Mushroom 300g,Rs 885.00
Elephant House Pawkies 500g,"Rs 2,640.00"
Crescent Beef Sausages 250g,Rs 920.00
Crescent Chicken Mini Kieves 500g,"Rs 1,550.00"
Eh I/C Major Pop Multi Pack 20S 600ml,Rs 400.00
Imorich I/C Cone Multipack 480ml,Rs 720.00
Eh I/C Wonder Bar Vanilla 70ml,Rs 100.00
Eh I/C Necto 60ml,Rs 40.00
Pizza Oven Sesame Bagels 5Sã‚Â 370G,Rs 690.00
Lili Cheese Mozzarella Shredded 200g,"Rs 1,422.00"
Krest Chicken Sausage Spicy Bites 200g,Rs 620.00
Goldi Chicken Sausages Supreme 500g,"Rs 1,160.00"
Eh I/C Fruit & Nut 1L,Rs 850.00
Eh I/C Fruit & Nut 2L,"Rs 1,650.00"
Krest Fish Chinese Rolls 300g,Rs 450.00
Keells Roti Paratha Plain 330G 5S,Rs 250.00
Premero Fine Dining Atta Paratha Garlic 6S,Rs 590.00
Eh I/C Strawberry Tub 80ml,Rs 80.00
Crescent Chicken Cottage Pie 240g,Rs 720.00
Eh I/C Wonder Cone Faluda 120ml,Rs 160.00
Eh I/C Chocolate Tub 80ml,Rs 80.00
Eh I/C Fruit & Nut Tub 80ml,Rs 100.00
Crescent Chicken Nugget 25 Pcs,Rs 640.00
Crescent Spicy Chicken Slices 150g,Rs 495.00
Magic I/C Mixed Berry Cone 120ml,Rs 144.00 / Unit
Magic I/C Fantastick Vanilla 75ml,Rs 140.00
Eh I/C Diwul Vanilla 2 Bar 60ml,Rs 50.00
Goldi Chicken Meatballs 500g,Rs 748.00 / Unit
Finagle Paratha 5 Pcs 275g,Rs 624.00 / Unit
Crescent Mini Mutton Roll 400g,"Rs 1,334.00 / Unit"
Crescent Chicken Samosa 360g,Rs 890.00
Keells Green Peas 250g,Rs 400.00
Magic I/C Fruit & Nut Cone 120ml,Rs 180.00
Krest Sausages Party Platter 500g,"Rs 1,490.00"
Eh I/C Pineapple & Chilli 900ml,Rs 790.00
Eh I/C Hakuru Mix 900ml,Rs 700.00
Eh I/C Karuthakolumban 900ml,Rs 790.00
Eh I/C Vanilla Lite 320ml,Rs 390.00
Eh I/C Choco Lite 320ml,Rs 390.00
Imorich I/C Peanut Butter Cone 180ml,Rs 180.00
Emborg Straight Cut French Fries 1kg,"Rs 2,050.00"
Emborg Onion Rings 450g,"Rs 1,850.00"
Alerics I/C Strawberry Cheesecake 1L,"Rs 1,500.00"
Frenchys Chicken Fries 250g,Rs 620.00
Keells Garlic Bread 220g,Rs 418.00 / Unit
Keells Puff Pastry Sheets 400g,Rs 489.00 / Unit
Crescent Chicken Mini Burgers 200g,Rs 535.00
Highland I/C Vanilla 1L,Rs 620.00
Crescent Chicken Golden Drummers 5S 250G,Rs 755.00
Elephant House Beef Sausages 300g,"Rs 1,205.00"
Krest Chicken Sausages Skinless 150g,Rs 390.00
Imorich I/C Cookie Cream 1L,"Rs 1,100.00"
Elephant House Chicken Sausages Bratwurst 200g,"Rs 1,450.00"
Elephant House Pork Sausages Sensation 250g,"Rs 1,450.00"
Pizza Oven Pita Pocket 320g,Rs 720.00
Krest Chicken Mini Kieves 240g,Rs 750.00
Finagle Roti Paratha 600g,Rs 720.00
Finagle Koththu Roti 750g,Rs 650.00
Golden Star Green Peas 500g,Rs 795.00
Bairaha Chicken Sausages Bockwurst 300g,Rs 660.00
Krest Chicken Mini Kieves 500g,"Rs 1,810.00"
Crescent Chicken Fingers 12 Pcs,Rs 607.00 / Unit
Crescent Chicken Ham Slices 150g,Rs 630.00
Crescent Crispy Chicken Bacon 150g,Rs 615.00
Bairaha Chicken Meat Balls 200g,Rs 380.00
Eh I/C Wonder Cone Chocolate 120ml,Rs 160.00
Imorich I/C Choc Choc Chip 1L,"Rs 1,190.00"
Elephant House Back Bacon - 150g,"Rs 1,390.00"
Elephant House Chicken Sausages 150g,Rs 880.00
Elephant House Pork Sausages 300g,"Rs 1,190.00"
Elephant House Pawkies 300g,"Rs 1,440.00"
Elephant House Pork Lingus 300g,"Rs 1,420.00"
Elephant House Chicken Sausages 300g,"Rs 1,300.00"
Keells Chapathi 10 Pieces 350g,Rs 485.00
Keells Arabic Bread 500G 5S,Rs 506.00
Gills Fish Sausages Skin On 200g,Rs 513.00 / Unit
Imorich I/C Cookie Cream Cone 120ml,Rs 180.00
Magic Ice Cream Fantastick Chocolate 75ml,Rs 140.00
Imorich I/C Black Forest Cone 120ml,Rs 180.00
Keells Soy Ice Cream Vanilla 500Ml,Rs 875.00
Keells Soy Ice Cream Chocolate 500Ml,Rs 940.00
Krest Sausage Chicken Cheesy Blast 175G,Rs 690.00
Keells Fish Patties 10 Pieces 280g,Rs 590.00
Bairaha Chicken Sausage Cheese & Onion 150G,Rs 430.00
Crescent Chicken Kochchi Bite 14 Pieces,Rs 690.00
Elephant House Bacon Whopper Pork Sausages 320g,"Rs 1,400.00"
Eh I/C Dbl Delight Choco+Vanila 1L,Rs 650.00
Krest French Fries 500g,"Rs 1,215.00"
Fresh Harvest Tuna Cubes 500g,"Rs 4,540.00"
Krest French Fries 225g,Rs 560.00
Keells Tube Ice 1kg,Rs 243.00
Eh I/C Wonder Cone Vanilla 120ml,Rs 150.00
Krest Chicken Meatballs 200g,Rs 390.00
Finagle Pol Roti 4S 310G,Rs 420.00
Milma Instant Shawarma 350G 8 Pieces,Rs 640.00
Keells Fish Bun 320G 10 Pieces,Rs 673.00
Premero Fine Dining Atta Paratha Onion 6S,Rs 590.00
Crescent Chicken Mini Kievs 12 Pcs,Rs 693.00 / Unit
Krest Chicken Chinese Rolls 300g,Rs 459.00 / Unit
Krest Chicken Drumsticks 300g,Rs 920.00
Krest Fish Fingers 250g,Rs 700.00
Finest Pork Back Bacon 500g,"Rs 2,900.00"
Finest Chicken Sausages Cheese & Onion 250g,Rs 690.00
Farm Fresh French Fries 500g,"Rs 1,310.00"
Goldi Chicken Sausages Supreme 250g,Rs 640.00
Goldi Chicken Lingus 500g,"Rs 1,220.00"
Sams Chicken Sausages 200g,Rs 590.00
Sams Chicken & Cheese Sausage 200g,Rs 710.00
Magic Ice Cream Chocolate Cone 120ml,Rs 160.00
Magic Ice Cream Heavenly Crunch Cone 120ml,Rs 180.00
Pizza Oven Party Pizza Chicken 12S 240g,"Rs 1,161.00 / Unit"
Pizza Oven Party Pizza Cheese 12S 230g,"Rs 1,190.00"
Eh I/C Wonder Bar Chocolate 70ml,Rs 100.00
Kotmale Cheese Mozzarella Block 200g,"Rs 1,050.00"
Crescent Chicken Meat Balls 200g,Rs 375.00
Bairaha Chicken Slices 150g,Rs 360.00 / Unit
Bairaha Chicken Sausages 300g,Rs 560.00 / Unit
Prima Treats Chicken Bacon 165g,Rs 655.00
Crescent Potato Kievs 20S 500g,"Rs 1,315.00"
Crescent Chickn Kochchi Bites 30 Pcs,"Rs 1,336.00 / Unit"
Crescent Mini Fish Cutlets 25S 500g,Rs 912.00 / Unit
Magic Ice Cream Vanilla Tub 1L,Rs 416.00 / Unit
Magic Ice Cream Vanilla Chocolate Mix Tub 1L,Rs 620.00
Magic Ice Cream Butterscotch With Nougat 1L,Rs 680.00 / Unit
Magic Ice Cream Chocolate Tub 1L,Rs 570.00
Pizza Oven Mini Pizza Base 5 Pieces 180G,Rs 540.00
Eh I/C Chocolate 2L,"Rs 1,180.00"
Eh I/C Strawberry 1L,Rs 600.00
Eh I/C Vanilla 2L,"Rs 1,080.00"
Eh I/C Vanilla 4L,"Rs 1,870.00"
Krest Chicken Meatballs 500g,Rs 900.00
Crescent Vegetable Samosa 360G 8Ps,Rs 579.00 / Unit
Sams Chicken Sausages 500g,Rs 960.00 / Unit
Crescent Chicken Dumplings 300g,Rs 905.00 / Unit
Fresh Harvest Prawns Cleaned Medium 500g,"Rs 3,451.00 / Unit"
Finagle Puff Pastry 400g,Rs 586.00 / Unit
Keells Spring Roll Chicken 12S 350g,Rs 820.00
Keells Spring Roll Vegetable 12S 350g,Rs 730.00
Kotmale Cheese Mozzarella Block 500g,"Rs 2,500.00"
Bairaha Chicken Kuruma Breast 300g,Rs 595.00 / Unit
Bairaha Chicken Whole Leg Marinated 1kg,"Rs 1,870.00 / Unit"
Krest Chicken Sausages Cheese &Onion 250G,Rs 785.00
Krest Chicken Sausages Garlic 250g,Rs 795.00
Tyj Samosa Wrappers 30S 170g,Rs 900.00
Krest Chicken Sausages Skinless 500g,"Rs 1,150.00"
Tyj Spring Roll Pastry Sheets 40S,"Rs 1,839.00"
Crescent Beef Meat Balls 200g,Rs 790.00
Highland I/C Chocolate 1L,Rs 650.00
Imorich I/C Hazelnut Gelato 1L,"Rs 1,450.00"
Keells Meatless Vege Sausages 160g,Rs 948.00 / Unit
Keells Parata Garlic 5S 350g,Rs 497.00
Elephant House Back Bacon 500g,"Rs 4,040.00"
Gills Chicken Cordon Bleu 400g,"Rs 1,665.00 / Unit"
Bairaha Chicken Sausagages Nai Miris 250G,Rs 590.00
Wow-B Chicken Strips 300g,Rs 845.00 / Unit
Wow-B Chicken Drumlets 250g,Rs 750.00
Krest Nai Miris Bite 240g,Rs 740.00
Sumeru Malabar Paratha 300g,Rs 935.00 / Unit
Emborg Cheese Mozzarella Block 200g,"Rs 1,690.00"
Emborg Garden Mix 450g,"Rs 1,150.00"
Krest Maalu Curry 200g,Rs 550.00
Krest Chicken Sausages Bockwurst 1kg,"Rs 2,095.00"
Finagle Fish Stuffed Roti 460G 6Pcs,Rs 752.00 / Unit
Alerics Ice Cream Rocky Road 1Ltr,"Rs 1,500.00"
Eh Pork Sausages 500g,"Rs 2,260.00"
Krest Chicken Sausages Nai Miris 500g,"Rs 1,300.00"
Krest Crispy Chic Fillet Strips 500g,"Rs 1,700.00"
Eh I/C Wonder Cone Value Pack 6S 480ml,Rs 540.00
Eh I/C Dbl Delight Choco+Vanila 2L,"Rs 1,250.00"
Bairaha Chicken Spicy Drumsticks 500g,"Rs 1,100.00"
Eh I/C Wonder Bar Multipk 6*360ml,Rs 540.00
Gills Fish Curry 200g,Rs 522.00 / Unit
Gills Fish Balls 200g,Rs 450.00 / Unit
Imorich I/C Choc Almnd Crunch Cone 120ml,Rs 220.00
Sams Fish Fingers 500g,"Rs 1,300.00"
Sams Chicken Drumstick 250g,Rs 710.00
Freshbitz Cassava French Fries 500g,Rs 885.00
Alerics Ice Cream Cookie Espresso 1L,"Rs 1,012.00 / Unit"
Alerics Ice Choc 6 Pack Box 200g,Rs 720.00 / Unit
Crizzpy's Talkys Chick Cutwings 500G,"Rs 1,560.00"
Crizzpy's Snackys Chicken Drumstick 500g,"Rs 1,630.00"
Milma Instant Tortillas 6Pcs 350g,Rs 640.00
Elephant House Chicken Sausages Cheesy 160g,Rs 600.00
Elephant House Bacon Ends 500g,"Rs 1,820.00"
Krest Fish Chinese Rolls 500g,Rs 900.00
Highland I/C Fruit & Nut 1L,Rs 950.00
Pizza Oven Sausage Roll 6 Pieces 320g,Rs 675.00 / Unit
Pizza Oven Plain Croissants 6S 170g,Rs 650.00
Krest Chicken Drumstick 1kg,"Rs 2,750.00"
Pizza Oven Arabic Breads 5Sâ 575G,Rs 790.00
Eh I/C Twist Choco/Vanila Ripple 1L,Rs 650.00
Spring Home Rotti Paratha Onion 320G,"Rs 1,200.00"
Spring Home Rotti Paratha Plain 320G,"Rs 1,110.00"
Krest Chicken Meatballs Kochchi 200g,Rs 450.00
Eh I/C Wonder Choc Shock 65ml,Rs 120.00
Krest Chicken Sausages Cheese &Onion 500G,"Rs 1,550.00"
Krest Chicken Sausages Bockwurst 400g,"Rs 1,090.00"
Krest Chicken Ham Slices 150g,Rs 700.00
Elephant House Streaky Bacon 150G,"Rs 1,170.00"
Spring Home Rotti Paratha Wholemeal 320G,"Rs 1,200.00"
Krest Chicken Roll Slices 150g,Rs 530.00
Pizza Oven Pita Bread 380g,Rs 750.00
Krest Vegetable Chinese Rolls 300g,Rs 450.00
Imorich Very Berry 1L,"Rs 1,290.00"
Krest Frankie Chicken Sausages Cheesyblast 250G,Rs 840.00
Krest Frankie Chicken Sausages 250g,Rs 725.00
Sams Chicken Chinese Roll 500g,Rs 820.00
Fresh Harvest Prawns - Sushi Ebi 200g,"Rs 2,600.00"
Crescent Chicken Kebab 300g,"Rs 1,300.00"
Eh I/C Pani Cadju Cone 120ml,Rs 160.00
Royal Chef Instant Poori 6 Pcs 155g,Rs 360.00
Elephant House Ice Cream Kulfi 50ml,Rs 100.00
Magic I/C Richy Rich 500ml,Rs 850.00
Sumeru Paneer Burger Patty 320g,"Rs 2,350.00"
Magic Coconut Bar 50Ml,Rs 150.00
Gills Chicken Donuts 400g,"Rs 1,332.00 / Unit"
Sumeru Paratha Whole Wheat 300g,"Rs 1,100.00"
Imorich I/C Rasberry Chscake Gelato 1L,"Rs 1,450.00"
Pa Gyoza Pastry 300g,"Rs 1,290.00"
Pa Wonton Pastry 200g,Rs 711.00 / Unit
Lapmc Soursop Frozen Pulp 500g,"Rs 1,020.00"
Imorich I/C Mocha Cone 180ml,Rs 220.00
Krest Farm House Sausages Chicken 325g,Rs 490.00
Eh I/C Vegan Chocolate 320ml,Rs 450.00
Eh Swedish Meat Balls 200g,Rs 990.00
Magic I/C Cappucino Cone 120ml,Rs 144.00 / Unit
Eh I/C Naarang & Sea Salt 60ml,Rs 80.00
Eh I/C Passion & Chilli 60ml,Rs 80.00
Crescent Spicy Chicken Popcorn 200g,Rs 775.00
Crescent Beef Samosa 360g,"Rs 1,280.00"
Crescent Mutton Kebab 300g,"Rs 2,500.00"
Startys Crispy Chicken Popcorn 300g,Rs 995.00
Krest Snack Party Platter 570g,"Rs 1,690.00"
Alerics I/C Energice Caffein Popsicle 6S,Rs 900.00
Crescent Smoked Beef Roll W/ Pepper 250g,"Rs 1,880.00"
Crescent Smoked Chicken Breast 250g,"Rs 1,175.00"
Crescent Honeyroast Chick Ham Slice 250g,Rs 910.00
Crescent Chicken Salami Slices 250g,"Rs 1,040.00"
Crescent Chicken Pepperoni Slices 250g,Rs 945.00 / Unit
Crescent Beef Salami Slices 250g,"Rs 1,590.00"
Crescent Beef Pepperoni Slices 250g,"Rs 1,900.00"
Alerics I/C Malt And Crunch 1L,"Rs 1,450.00"
Alerics I/C Isoice Caffein Popsicle 6S,Rs 900.00
Crescent Spicy Cheese Spring Roll 250g,Rs 950.00
Krest Chicken Burger Patty 240g,Rs 525.00
Prima Spicy Ramen Chicken Sausages 300g,Rs 780.00
Prima Spicy Ramen Chicken Burger 200g,Rs 468.00 / Unit
Alerics I/C Birthday Cake 1L,"Rs 1,350.00"
Alerics I/C Chocolate Brownie 1L,"Rs 1,200.00 / Unit"
Goldi Chicken Meatballs 200g,Rs 331.00 / Unit
Goldi Chicken Sausages 150g,Rs 331.00 / Unit
Finest Chicken Bockwurst 500g,Rs 960.00 / Unit
Goldi Pork Sausages 500g,"Rs 1,360.00 / Unit"
Goldi Pork Lingus 500g,"Rs 1,800.00"
Eh I/C Fruit & Nut Cone 120ml,Rs 160.00
Crescent Mutton Samosa 300g,"Rs 1,377.00 / Unit"
Mdk Parata 500g,Rs 585.00
Eh I/C Wonder Bite 60ml,Rs 180.00
Keells Naan Roti 5 Pieces 650g,Rs 600.00
Finest Chicken Sausages 500g,"Rs 1,350.00"
Fresh Harvest Calamari Rings 500g,"Rs 4,660.00"
Eh Chicken Sausages 500g,"Rs 1,530.00"
Emborg Cheese Shredded Mozzarella 200g,"Rs 1,320.00"
Alerics I/C Strawberry Lime Fresh Pop 6 Pack 200g,"Rs 1,000.00"
Alerics Ice Cream Salted Caramel & Honeycomb 1L,"Rs 1,350.00"
Krest Chicken Nuggets 240g,Rs 750.00
Ben & Jerry's I/C Cookie Dough 465ml,"Rs 5,990.00"
Yara Frozen Grated Coconut 600g,Rs 750.00
Sumeru Flaky Paratha 300g,"Rs 1,100.00"
Fresh Harvest Breaded Calamari Rings 300g,"Rs 3,130.00"
Bairaha Marinated Chicken Wings 500g,Rs 752.00 / Unit
Gills Chicken Sausages Lingus 200g,Rs 685.00
Elephant House Pork Gammon Steak 500g,"Rs 2,920.00"
Damaco Foods Pangasius Fillet 1kg,"Rs 1,390.00"
Crescent Crispy Chicken Burger 360g,Rs 825.00
Krest Sausage Meat Chicken 400g,Rs 845.00
Jagro Frozen Strawberries 1kg,"Rs 2,500.00"
Crizzpy's Bestys Chicken Strips 500g,"Rs 1,665.00"
Sumeru Sweet Corn 500g,"Rs 1,120.00"
Sumeru Green Peas 500g,"Rs 1,100.00"
Sumeru Vegetable Momos 200g,"Rs 1,250.00"
Finagle Godamba Roti 500g,Rs 598.00 / Unit
Emborg Broccoli 450g,"Rs 1,490.00"
Sumeru Naan  Garlic 340g,"Rs 1,590.00"
Keells Vegan Burger Patty 220g,"Rs 1,170.00"
Keells Parata Onion 5S 350g,Rs 520.00
Andrew Pork Sausg Roastd Garlic 250g,Rs 900.00
Krest Crispy Chicken Thighs 650g,"Rs 2,100.00"
Andrew Sausage Pork Lingus 250g,Rs 890.00
Andrew Sausage Chicken Garlic 250g,Rs 720.00
Elephant House Ice Cubes 1kg,Rs 300.00
Alerics Ice Cream Butter Scotch 1L,"Rs 1,350.00"
Imorich French Vanilla 1L,"Rs 1,190.00"
Mdk Koththu Roti 1kg,Rs 600.00
Imorich I/C Rocky Road 1L,Rs 935.00 / Unit
Crescent Fish Goujons 240g,"Rs 1,220.00"
Jagro Frozen Strawberries 500g,"Rs 1,750.00"
Keells Chicken Samosa 300G 8S,Rs 590.00
Fresh Harvest Prawns Full Cleaned Large 500g,"Rs 4,545.00"
Eh I/C Chocolate 4L,"Rs 2,100.00"
Keells Vegetable Patties 10 Pieces 280g,Rs 545.00
Fresh Harvest Handella 500g,"Rs 2,715.00"
Fresh Harvest Crab Meat 500g,"Rs 6,375.00"
Elephant House Spicy Pork Sausages 300g,"Rs 1,250.00"
Krest Chicken Sausages Nai Miris 250g,Rs 675.00
Supersun Vegetable Meatless Cube 200g,Rs 998.00
Alerics I/C Dark Chocolate 1L,"Rs 1,750.00"
Emborg Blueberries 400g,"Rs 2,695.00"
Emborg Raspberries 300g,"Rs 3,250.00"
Emborg Strawberries 450g,"Rs 1,690.00"
Norwegian Frozen Salmon Smoked 100g,"Rs 2,600.00"
Elephant House Chicken Sausages Jalapeno 200g,"Rs 1,160.00"
Lihini Sea Food Fish Sausages Smoked 200g,Rs 710.00
Lihini Sea Food Fish Sausages Nai Miris 200g,Rs 640.00
Sumeru Paneer Butter Masala Curry 300g,"Rs 1,470.00"
Pussalla Pork Garlic Sausage 400g,"Rs 1,400.00"
Lapmc Ambaralla Frozen Cut 400g,Rs 740.00
Lapmc Wood Apple Frozen Cut 400g,"Rs 1,380.00"
Eh I/C Siyambala & Honey 60ml,Rs 80.00
Eh I/C Vegan Passion 320ml,Rs 450.00
Eh Frozen Yoghurt Mango 320ml,Rs 390.00
Eh Frozen Yoghurt Mixed Berry 320ml,Rs 450.00
Eh I/C Passion Fruit 900ml,Rs 671.00 / Unit
Magic I/C Divine Slice 1L,"Rs 1,500.00"
Eh Faluda I/C Ramadan Multipack 480g,Rs 480.00
Eh I/C Pani Kurumba 900ml,Rs 790.00
Crescent Ramadan Assorted Pack 1.47kg,"Rs 3,500.00"
Yara Natural Pol Sambol 100g,Rs 270.00
Keells Mini Seeni Sambol Bun 10S 500g,Rs 770.00
Imorich I/C Red Velvet 1L,"Rs 1,500.00"
Fresh Harvest Sailfish Cubes 500g,"Rs 3,100.00"
Gadre Imitation Crab Claw 250g,Rs 615.00
United Fish Co Greenshell Wholeshell Mussels 1kg,"Rs 1,700.00"
Alerics I/C Pineapple Chili 06,Rs 770.00
Krest Sausg 500G+Drumstick 300G Bundle,"Rs 1,880.00"
Gills Chicken Sausages Karapincha 200g,Rs 685.00
Krest Chicken Sausages 350g,Rs 800.00
Crescent Chicken Sathes 300g,"Rs 1,415.00"
Cuisine Gastronme Milk Rice W/ Ambulthial 350g,"Rs 1,115.00"
Cuisine Gastronme Seafood Koththu 400g,"Rs 1,460.00"
Cuisine Gastronme Half Cut Sri Lankan Blue Swimmer Crab Curry 380g,"Rs 1,845.00"
Andrew Sausg Chic Chees & Onion 250g,Rs 720.00
Andrew Premium Pork Sausages 250g,Rs 850.00
Finagle Ciabatta 250g,Rs 337.00 / Unit
Finagle Focaccia Bread 200g,Rs 360.00
Elephant House Lingus 500g,"Rs 2,090.00"
Mk Ghee Poori 330G 6Pc Pack,Rs 545.00
Sumeru Jeera Paratha 300g,"Rs 1,100.00"
Keells Meatless Vege Cube 160g,Rs 998.00
Eh I/C Mix Of Popsicles 6S 360ml,Rs 690.00
Sumeru Naan Plain 340g,"Rs 1,550.00"
Ben & Jerry's Choc Fudge Brownie 465ml,"Rs 5,990.00"
Cadbury Dairy Milk Ice Cream Tub 480ml,"Rs 4,990.00"
Eh Weiswurst Sausage 250g,Rs 950.00
Magic Heavenly Almond Nougat 500Ml,Rs 780.00
Fresh Harvest Cuttlefish Cones 1kg,"Rs 3,365.00"
Emborg Crinkle Cut French Fries 1kg,"Rs 2,150.00"
Family Choice Tortilla 10S,Rs 930.00
Fresh Harvest Cut Crab Block 720g,"Rs 4,515.00"
Magnum Mint Ice Cream 100ml,Rs 590.00
Premero Chicken Kottu 280g,Rs 750.00
Premero Cheese Kottu 280g,Rs 750.00
Easy Meals Bread Crumbed Prawn 195g,"Rs 1,190.00"
Mars I/C Chocolate Caramel 4 X 51ml,"Rs 2,990.00"
Fresh Harvest Cured Salmon 200g,"Rs 4,840.00"
Fresh Harvest Tuna Steaks 500g,"Rs 3,050.00"
Fresh Harvest Seer Steaks 500g,"Rs 4,150.00"
